Category,English,nyanja,bemba
ABSTRACT / EVERYDAY CONCEPTS,,,
Abstract / Everyday Concepts,love,chikondi,
Abstract / Everyday Concepts,peace,mutendere,
Abstract / Everyday Concepts,war,nkondo,
Abstract / Everyday Concepts,truth,chowonadi,
Abstract / Everyday Concepts,lie,dodaz,
Abstract / Everyday Concepts,life,moyo,
Abstract / Everyday Concepts,death,imfa,
Abstract / Everyday Concepts,darkness,mdima,
Abstract / Everyday Concepts,time,nthawi,
Abstract / Everyday Concepts,home,kunyumba,
Abstract / Everyday Concepts,family,banja,
Abstract / Everyday Concepts,friendship,ubwenzi,
Abstract / Everyday Concepts,health,thanzi,
Abstract / Everyday Concepts,freedom,ufulu,
ANIMALS (BIRDS),,,
Animals (Birds),eagle,mphungu,
Animals (Birds),owl,kadzidzi,
Animals (Birds),parrot,,
Animals (Birds),dove,kuti,
Animals (Birds),pigeon,nkhunda,
Animals (Birds),crow,khwangwala,
Animals (Birds),vulture,mbulu,
Animals (Birds),hawk,,
ANIMALS (FARM),,,
Animals (Farm),cow,ng'ombe,
Animals (Farm),goat,mbuzi,
Animals (Farm),sheep,nkhosa,
Animals (Farm),pig,nkhumba,
Animals (Farm),chicken,nkhuku,
Animals (Farm),hen,nkhombwe,
Animals (Farm),rooster,tambala,
Animals (Farm),duck,bakha,
Animals (Farm),donkey,bulu,
Animals (Farm),horse,kavalo,
ANIMALS (INSECTS),,,
Animals (Insects),ant,nyelele,
Animals (Insects),bee,zinmu,
Animals (Insects),wasp,,
Animals (Insects),butterfly,gulugufe,
Animals (Insects),mosquito,udzudzu,
Animals (Insects),fly,ize,
Animals (Insects),spider,,
Animals (Insects),termite,chiswe,
Animals (Insects),grasshopper,tenti,
Animals (Insects),cockroach,mphemvu,
ANIMALS (WILD),,,
Animals (Wild),lion,kanlamu,
Animals (Wild),elephant,njovu,
Animals (Wild),zebra,,
Animals (Wild),giraffe,,
Animals (Wild),monkey,kholwe,
Animals (Wild),hippo,,
Animals (Wild),crocodile,,
Animals (Wild),leopard,nyalugwe,
Animals (Wild),snake,njoka,
Animals (Wild),antelope,,
BANKING AND MONEY,,,
Banking and Money,bank,,
Banking and Money,account,akaunti,
Banking and Money,loan,,
Banking and Money,credit,ngongole,
Banking and Money,debt,ngongole,
Banking and Money,deposit,,
Banking and Money,withdraw,chotsani,
Banking and Money,balance,,
Banking and Money,transfer,,
Banking and Money,ATM,,
Banking and Money,card,kadi,
Banking and Money,cash,ndalama,
Banking and Money,cheque,,
Banking and Money,receipt,chiphaso,
Banking and Money,invoice,,
Banking and Money,tax,msonkho,
Banking and Money,salary,malipiro,
Banking and Money,wages,malipiro,
Banking and Money,income,ndalama,
Banking and Money,expense,ndalama,
CLOTHING,,,
Clothing,shirt,malaya,
Clothing,trousers,mathalauza,
Clothing,dress,malaya,
Clothing,skirt,sikiti,
Clothing,shorts,,
Clothing,shoes,nsapato,
Clothing,sandals,nsapato,
Clothing,boots,,
Clothing,hat,kasote,
Clothing,cap,,
Clothing,coat,chovala,
Clothing,socks,masokosi,
Clothing,belt,lamba,
Clothing,scarf,mpango,
Clothing,gloves,magolovesi,
Clothing,uniform,yunifolomu,
COLORS,,,
Colors,black,wakuda,
Colors,white,woyera,
Colors,red,wofiira,
Colors,blue,buluu,
Colors,green,wobiriwira,
Colors,yellow,,
Colors,brown,,
Colors,grey,imvi,
Colors,purple,chibakuwa,
Colors,pink,,
COMMON NOUNS,,,
Common Nouns,father,atate,
Common Nouns,mother,amai,
Common Nouns,child,bana,
Common Nouns,brother,akalongosi,
Common Nouns,sister,,
Common Nouns,friend,mudzanga,
Common Nouns,people,bantu,
Common Nouns,man,mwamuna,
Common Nouns,woman,mukadzi,
Common Nouns,house,nyumba,
Common Nouns,school,sikulu,
Common Nouns,church,mpingo,
Common Nouns,shop,,
Common Nouns,market,masika,
Common Nouns,road,msewu,
Common Nouns,village,mudzi,
Common Nouns,city,,
Common Nouns,sun,dzuwa,
Common Nouns,moon,mwezi,
Common Nouns,star,nyenyezi,
Common Nouns,rain,mvula,
Common Nouns,water,madzi,
Common Nouns,fire,moto,
Common Nouns,earth,dziko lapansi,
Common Nouns,sky,kumwamba,
Common Nouns,tree,mtengo,
Common Nouns,animal,nyama,
Common Nouns,bird,nyoni,
Common Nouns,dog,galu,
Common Nouns,cat,,
Common Nouns,fish,nsomba,
Common Nouns,food,chakudya,
Common Nouns,clothes,chovala,
Common Nouns,money,ndalama,
Common Nouns,phone,foni,
Common Nouns,car,motoka,
Common Nouns,bus,basi,
Common Nouns,chair,mpando,
Common Nouns,table,tebulo,
Common Nouns,bed,bedi,
Common Nouns,door,khomo,
Common Nouns,book,buku,
Common Nouns,pen,cholembera,
COMMON PHRASES,,,
Common Phrases,hello,bwanji,shani
Common Phrases,goodbye,pitani bwino,shalapo
Common Phrases,thank you,zikomo,
Common Phrases,sorry,pepani,
Common Phrases,please,chonde,
Common Phrases,maybe,mwina,
Common Phrases,welcome,olandiridwa,
Common Phrases,good night,usiku wabwino,
Common Phrases,good morning,m'mawa wabwino,
Common Phrases,how are you,muli bwanji,muli shani
Common Phrases,fine,chabwino,
Common Phrases,help,thandizeni,
Common Phrases,come here,bwerani kuno,
Common Phrases,go there,yendani kuja,
COMMON VERBS,,,
Common Verbs,go,pitani,
Common Verbs,come,bwerani ,
Common Verbs,take,kutenga,
Common Verbs,give,kupasa,
Common Verbs,eat,kudya,
Common Verbs,drink,kumwa,
Common Verbs,see,onani,
Common Verbs,look,yang'anani,
Common Verbs,watch,penyani,
Common Verbs,hear,kumva,
Common Verbs,listen,mverani,
Common Verbs,say,kamba,
Common Verbs,tell,nenani,
Common Verbs,ask,mfusa,
Common Verbs,answer,yankho,
Common Verbs,make,kupanga,
Common Verbs,work,ntchito,
Common Verbs,play,sewera,
Common Verbs,run,thamanga,
Common Verbs,walk,kuyenda,
Common Verbs,sit,khalani,
Common Verbs,stand,kuyimirira,
Common Verbs,sleep,kugona,
Common Verbs,wake,uka,
Common Verbs,start,kuyamba,
Common Verbs,stop,imani,
Common Verbs,wait,yembekezani,
Common Verbs,carry,nyamula,
Common Verbs,bring,bweretsa,
COMMUNITY AND GOVERNMENT,,,
Community and Government,chief,mfumu,
Community and Government,headman,kapaso,
Community and Government,leader,mtsogoleri,
Community and Government,king,mfumu,
Community and Government,queen,mfumukazi,
Community and Government,president,,
Community and Government,minister,,
Community and Government,judge,woweruza,
Community and Government,law,lamulo,
Community and Government,rule,ulamuliro,
Community and Government,imam,,
Community and Government,worker,wantchito,
Community and Government,citizen,nzika,
Community and Government,country,dziko,
CORE EVERYDAY WORDS,,,
Core Everyday Words,I,ndi,
Core Everyday Words,you,inu,
Core Everyday Words,he,,
Core Everyday Words,she,,
Core Everyday Words,it,izo,
Core Everyday Words,we,ife,
Core Everyday Words,they,iwo,
Core Everyday Words,me,ine,
Core Everyday Words,him,,
Core Everyday Words,her,,
Core Everyday Words,us,ife,
Core Everyday Words,them,iwo,
Core Everyday Words,this,izi,
Core Everyday Words,that,,
Core Everyday Words,these,izi,
Core Everyday Words,those,ivo,
Core Everyday Words,who,ndani,
Core Everyday Words,what,chani,
Core Everyday Words,when,liti,
Core Everyday Words,where,ku,
Core Everyday Words,why,chifukwa,
Core Everyday Words,how,bwanji,
Core Everyday Words,is,ndi,
Core Everyday Words,am,,
Core Everyday Words,are,,
Core Everyday Words,was,anali,
Core Everyday Words,were,ku,
Core Everyday Words,be,kukhala,
Core Everyday Words,have,,
Core Everyday Words,do,kuchita,
Core Everyday Words,will,adzatero,
Core Everyday Words,can,akhoza,
Core Everyday Words,not,ayi,
Core Everyday Words,no,ayi,
Core Everyday Words,yes,inde,
Core Everyday Words,all,zonse,
Core Everyday Words,some,ena,
Core Everyday Words,many,zambiri,
Core Everyday Words,few,ochepa,
Core Everyday Words,more,zambiri,
Core Everyday Words,most,ambiri,
Core Everyday Words,here,pano,
Core Everyday Words,there,apo,
Core Everyday Words,now,tospano,
Core Everyday Words,then,ndiye,
Core Everyday Words,today,lero,
Core Everyday Words,tomorrow,mailo,
Core Everyday Words,yesterday,dzulo,
Core Everyday Words,in,,
Core Everyday Words,on,pa,
Core Everyday Words,at,ku,
Core Everyday Words,to,,
Core Everyday Words,from,kuchokera,
Core Everyday Words,with,ndi,
Core Everyday Words,by,,
Core Everyday Words,for,za,
Core Everyday Words,about,za,
Core Everyday Words,under,pansi,
Core Everyday Words,over,,
Core Everyday Words,between,pakati,
Core Everyday Words,after,pambuyo,
Core Everyday Words,before,kale,
CULTURAL EXPRESSIONS,,,
Cultural Expressions,greeting,bwanji,shani
Cultural Expressions,elders,akulu,aba kulu
Cultural Expressions,tradition,chitukuko,
Cultural Expressions,culture,,
Cultural Expressions,custom,,
Cultural Expressions,storytelling,nkhani,
Cultural Expressions,wedding,,
Cultural Expressions,funeral,maliro,
Cultural Expressions,witchcraft,ufiti,
DAILY NEEDS WORDS,,,
Daily Needs Words,bread,mkate,
Daily Needs Words,meat,nyama,
Daily Needs Words,rice,mpunga,
Daily Needs Words,nshima,sima,
Daily Needs Words,tea,,
Daily Needs Words,beer,mowa,
Daily Needs Words,salt,mchere,
Daily Needs Words,sugar,shuga,
Daily Needs Words,oil,mafuta,
Daily Needs Words,head,mutu,
Daily Needs Words,hand,dzanja,
Daily Needs Words,leg,mwendo,
Daily Needs Words,eye,diso,
Daily Needs Words,ear,khutu,
Daily Needs Words,mouth,pakamwa,
Daily Needs Words,nose,mphuno,
Daily Needs Words,stomach,m'mimba,
Daily Needs Words,heart,mtima,
Daily Needs Words,sick,odwala,
Daily Needs Words,pain,ululu,
Daily Needs Words,medicine,mankhwala,
Daily Needs Words,hospital,chipatala,
Daily Needs Words,buy,kugula,
Daily Needs Words,sell,kugulitsa,
Daily Needs Words,price,mtengo,
Daily Needs Words,cheap,,
Daily Needs Words,expensive,okwera mutengo,
EMOTIONS EXTENDED,,,
Emotions Extended,hate,kuzonda,
Emotions Extended,fear,mantha,
Emotions Extended,joy,chisangalalo,
Emotions Extended,anger,mkwiyo,
Emotions Extended,hope,chiyembekezo,
Emotions Extended,faith,chikhulupiriro,
Emotions Extended,trust,kudalira,
Emotions Extended,doubt,kukaikira,
Emotions Extended,shame,manyazi,
Emotions Extended,envy,nsanje,
Emotions Extended,worry,,
Emotions Extended,calm,,
Emotions Extended,excitement,chisangalalo,
EMOTIONS EXTENDED 2,,,
Emotions Extended 2,lonely,,
Emotions Extended 2,excited,okondwa,
Emotions Extended 2,confused,osokonezeka,
Emotions Extended 2,hopeful,wachiyembekezo,
Emotions Extended 2,scared,mantha,
Emotions Extended 2,courage,kulimba mtima,
Emotions Extended 2,determined,wotsimikiza,
Emotions Extended 2,lazy,waulesi,
Emotions Extended 2,bored,,
Emotions Extended 2,interested,,
Emotions Extended 2,curious,,
Emotions Extended 2,friendly,waubwenzi,
EMOTIONS AND STATES,,,
Emotions and States,angry,wokwiya,
Emotions and States,tired,wotopa,
Emotions and States,hungry,wanjala,
Emotions and States,thirsty,,
Emotions and States,sleepy,tulo,
Emotions and States,afraid,mantha,
Emotions and States,brave,wolimba mtima,
Emotions and States,clever,wochenjera,
Emotions and States,foolish,kupusa,
Emotions and States,healthy,wathanzi,
Emotions and States,proud,,
Emotions and States,ashamed,manyazi,
Emotions and States,jealous,wansanje,
Emotions and States,surprised,anadabwa,
EXTENDED ABSTRACT IDEAS,,,
Extended Abstract Ideas,order,,
Extended Abstract Ideas,power,mphamvu,
Extended Abstract Ideas,independence,kudziimira,
Extended Abstract Ideas,democracy,,
Extended Abstract Ideas,conflict,kukangana,
Extended Abstract Ideas,economy,chuma,
Extended Abstract Ideas,education,mapuzilo,
Extended Abstract Ideas,technology,luso,
Extended Abstract Ideas,environment,,
EXTENDED ABSTRACTS,,,
Extended Abstracts,dream,loto,
Extended Abstracts,idea,lingaliro,
Extended Abstracts,memory,kukumbukira,
Extended Abstracts,plan,dongosolo,
Extended Abstracts,future,,
Extended Abstracts,past,kudala,
Extended Abstracts,present,manje,
Extended Abstracts,justice,chilungamo,
Extended Abstracts,unity,kugwelizana,
Extended Abstracts,development,chitukuko,
Extended Abstracts,poverty,umphawi,
Extended Abstracts,wealth,chuma,
Extended Abstracts,growth,kukula,
EXTENDED ANIMALS,,,
Extended Animals,rat,makoswe,
Extended Animals,rabbit,kalulu,
Extended Animals,frog,chule,
Extended Animals,turtle,kamba,
Extended Animals,lizard,buluzi,
Extended Animals,chameleon,,
Extended Animals,crab,,
Extended Animals,shark,,
Extended Animals,whale,,
Extended Animals,dolphin,,
Extended Animals,bat,,
Extended Animals,hyena,fisi,
Extended Animals,jackal,,
Extended Animals,buffalo,njati,
Extended Animals,rhino,chipembere,
Extended Animals,hippopotamus,mvuu,
EXTENDED BIRDS AND INSECTS,,,
Extended Birds and Insects,goose,,
Extended Birds and Insects,turkey,nkhukundembo,
Extended Birds and Insects,swallow,kumeza,
Extended Birds and Insects,weaver,,
Extended Birds and Insects,hornbill,,
Extended Birds and Insects,stork,,
Extended Birds and Insects,kingfisher,,
Extended Birds and Insects,flamingo,,
Extended Birds and Insects,beetle,,
Extended Birds and Insects,locust,dzombe,
Extended Birds and Insects,dragonfly,,
Extended Birds and Insects,centipede,,
Extended Birds and Insects,millipede,,
EXTENDED BODY PARTS,,,
Extended Body Parts,back,musana,
Extended Body Parts,shoulder,phewa,
Extended Body Parts,knee,bondo,
Extended Body Parts,foot,phazi,
Extended Body Parts,toe,ndiye,
Extended Body Parts,finger,vikhumo,
Extended Body Parts,thumb,chikhumo,
Extended Body Parts,neck,mukose,
Extended Body Parts,hair,sisi,
Extended Body Parts,skin,nkanda,
Extended Body Parts,blood,magazi,
Extended Body Parts,bone,mabonzo,
Extended Body Parts,teeth,meno,
Extended Body Parts,tongue,lulimi,
Extended Body Parts,voice,leuu,
Extended Body Parts,face,finshi,
Extended Body Parts,chest,chifuwa,
Extended Body Parts,waist,musana,
EXTENDED CLOTHING,,,
Extended Clothing,t-shirt, t-sheti,
Extended Clothing,blouse,bulawuzi,
Extended Clothing,suit,suiti,
Extended Clothing,tie,,
Extended Clothing,gown,,
Extended Clothing,wrapper,,
Extended Clothing,kitenge,,
Extended Clothing,chitenge,chitenge,
Extended Clothing,jacket,,
Extended Clothing,raincoat,,
Extended Clothing,overalls,,
Extended Clothing,jersey,jusi,
Extended Clothing,sweater,,
Extended Clothing,vest,,
Extended Clothing,underwear,,
Extended Clothing,bra,,
Extended Clothing,pant,kabudula,
Extended Clothing,earrings,masiqiwo,
Extended Clothing,necklace,,
EXTENDED FOODS (ZAMBIA),,,
Extended Foods (Zambia),chibuku,chibuku,
Extended Foods (Zambia),maheu,maheu,
Extended Foods (Zambia),rape leaves,,
Extended Foods (Zambia),groundnut stew,soupu ya twilo,
Extended Foods (Zambia),nyama,nyama,
Extended Foods (Zambia),inswa,inswa,
Extended Foods (Zambia),mbeba,mbeba,
Extended Foods (Zambia),munkoyo,munkoyo,
Extended Foods (Zambia),chibwantu,chibwantu,
EXTENDED FOODS AND DRINKS,,,
Extended Foods and Drinks,coffee,,
Extended Foods and Drinks,wine,vinyo,
Extended Foods and Drinks,juice,,
Extended Foods and Drinks,porridge,phala,
Extended Foods and Drinks,maize meal,sima,
Extended Foods and Drinks,cassava flour,unga wa tute,
Extended Foods and Drinks,groundnut powder,twilo,
Extended Foods and Drinks,soup,supu,
Extended Foods and Drinks,stew,mphodza,
Extended Foods and Drinks,pepper,,
EXTENDED HOUSEHOLD,,,
Extended Household,cupboard,kabati,
Extended Household,shelf,,
Extended Household,sofa,muphando,
Extended Household,curtain,nsalu yotchinga,
Extended Household,doorstep,pakhomo,
Extended Household,corridor,njira,
Extended Household,roof tile,denga,
Extended Household,ceiling,kudenga,
Extended Household,switch,,
Extended Household,socket,soketi,
Extended Household,mirror,galasi,
Extended Household,picture,chithunzi,
Extended Household,frame,chimango,
Extended Household,stove,mbaula,
Extended Household,oven,uvuni,
Extended Household,fridge,furiji,
Extended Household,freezer,,
Extended Household,wardrobe,zovala,
EXTENDED NATURE,,,
Extended Nature,baobab,mabuyu,
Extended Nature,mango tree,mutengo wa mango,
Extended Nature,guava tree,mutengo wa maguava,
Extended Nature,banana tree,nthochi,
Extended Nature,savannah,,
Extended Nature,stream,mtsinje,
Extended Nature,cave,mphanga,
Extended Nature,rock,mwala,
Extended Nature,island,chilumba,
EXTENDED PROFESSIONS,,,
Extended Professions,engineer,injiniya,
Extended Professions,mechanic,,
Extended Professions,pilot,woyendetsa ndege,
Extended Professions,lawyer,,
Extended Professions,lecturer,phunziro,
Extended Professions,artist,,
Extended Professions,musician,,
Extended Professions,tailor,osoka,
Extended Professions,shoemaker,opanga nsapato,
Extended Professions,blacksmith,wosula zitsulo,
Extended Professions,plumber,,
Extended Professions,electrician,,
EXTENDED SCHOOL AND EDUCATION,,,
Extended School and Education,university,,
Extended School and Education,college,,
Extended School and Education,test,mayeso ya sikulu,
Extended School and Education,assignment,ntchito,
Extended School and Education,whiteboard,,
Extended School and Education,marker,,
Extended School and Education,compass,,
Extended School and Education,protractor,,
Extended School and Education,laboratory,,
EXTENDED TOOLS AND HOUSEHOLD,,,
Extended Tools and Household,thimble,,
Extended Tools and Household,sewing machine,,
Extended Tools and Household,tape measure,,
Extended Tools and Household,ironing board,,
Extended Tools and Household,scissors,lumo,
Extended Tools and Household,paintbrush,,
Extended Tools and Household,roller,,
Extended Tools and Household,basin,,
Extended Tools and Household,dish,,
Extended Tools and Household,mop,chikolopo,
Extended Tools and Household,scraper,,
Extended Tools and Household,dustpan,,
Extended Tools and Household,vacuum,,
Extended Tools and Household,torch,,
Extended Tools and Household,lantern,,
Extended Tools and Household,generator,,
EXTENDED TOOLS AND WORK,,,
Extended Tools and Work,pickaxe,,
Extended Tools and Work,wheelbarrow,ngolo,
Extended Tools and Work,sickle,,
Extended Tools and Work,rake,,
Extended Tools and Work,file,,
Extended Tools and Work,pliers,,
Extended Tools and Work,wrench,,
Extended Tools and Work,screwdriver,,
Extended Tools and Work,paint,utoto,
Extended Tools and Work,brush,burashi,
Extended Tools and Work,drill,kobowolela,
Extended Tools and Work,sandpaper,,
Extended Tools and Work,cement,simenti,
Extended Tools and Work,plank,matabwe,
Extended Tools and Work,pipe,chitoliro,
EXTENDED WILDLIFE,,,
Extended Wildlife,cheetah,cheeta,
Extended Wildlife,wild dog,galu,
Extended Wildlife,mongoose,,
Extended Wildlife,aardvark,,
Extended Wildlife,pangolin,,
Extended Wildlife,bushbuck,,
Extended Wildlife,sable antelope,,
Extended Wildlife,roan antelope,,
Extended Wildlife,duiker,,
Extended Wildlife,hare,kalulu,
Extended Wildlife,otter,,
Extended Wildlife,hedgehog,,
Extended Wildlife,iguana,,
Extended Wildlife,gecko,nalimata,
Extended Wildlife,scorpion,chinkhanira,
Extended Wildlife,snail,nkhono,
FARMING AND AGRICULTURE,,,
Farming and Agriculture,plough,kulima,
Farming and Agriculture,ox,chikochikala,
Farming and Agriculture,tractor,,
Farming and Agriculture,plant,chomera,
Farming and Agriculture,harvest,kukolola,
Farming and Agriculture,granary,nkhokwe,
Farming and Agriculture,fertilizer,fetereza,
Farming and Agriculture,irrigation,,
Farming and Agriculture,pest,tizilombo,
Farming and Agriculture,weed,udzu,
Farming and Agriculture,soil,nthaka,
Farming and Agriculture,manure,,
FOODS (FRUITS),,,
Foods (Fruits),apple,,
Foods (Fruits),banana,nthochi,
Foods (Fruits),orange,lalanje,
Foods (Fruits),mango,,
Foods (Fruits),pineapple,chinanazi,
Foods (Fruits),grape,mphesa,
Foods (Fruits),guava,,
Foods (Fruits),papaya,,
Foods (Fruits),lemon,mandimu,
Foods (Fruits),watermelon,,
FOODS (STAPLES),,,
Foods (Staples),maize,matabwe,
Foods (Staples),cassava,tute,
Foods (Staples),millet,mapira,
Foods (Staples),sorghum,manyuchi,
Foods (Staples),sweet potato,kandolo  ,
Foods (Staples),egg,dzira,
Foods (Staples),butter,batala,
Foods (Staples),milk,mkaka,
Foods (Staples),cheese,tchizi,
FOODS (VEGETABLES),,,
Foods (Vegetables),tomato,tomato,
Foods (Vegetables),onion,anyezi,
Foods (Vegetables),cabbage,kabichi,
Foods (Vegetables),carrot,karoti,
Foods (Vegetables),potato,mbatata,
Foods (Vegetables),beans,nyemba,
Foods (Vegetables),peas,nandolo,
Foods (Vegetables),spinach,sipinachi,
Foods (Vegetables),pumpkin,dzungu,
Foods (Vegetables),cucumber,,
FRUITS EXTENDED,,,
Fruits Extended,pear,,
Fruits Extended,plum,maula,
Fruits Extended,apricot,,
Fruits Extended,peach,pichesi,
Fruits Extended,fig,,
Fruits Extended,dates,,
Fruits Extended,mulberry,,
Fruits Extended,blueberry,,
Fruits Extended,strawberry,,
Fruits Extended,raspberry,,
GOVERNMENT AND SOCIETY,,,
Government and Society,parliament,,
Government and Society,council,bungwe,
Government and Society,mayor,meya,
Government and Society,ward,wodi,
Government and Society,district,chigawo,
Government and Society,province,,
Government and Society,nation,fuko,
Government and Society,constitution,,
Government and Society,election,,
Government and Society,vote,voti,
HEALTH TERMS,,,
Health Terms,illness,kudwala,
Health Terms,operation,,
Health Terms,surgery,opaleshoni,
Health Terms,ambulance,,
Health Terms,capsule,kapisozi,
Health Terms,syrup,manyuchi,
Health Terms,bandage,,
Health Terms,stretcher,machira,
HEALTH AND HOSPITAL,,,
Health and Hospital,patient,wodwala,
Health and Hospital,clinic,chipatala,
Health and Hospital,disease,matenda,
Health and Hospital,malaria,,
Health and Hospital,cholera,,
Health and Hospital,HIV,,
Health and Hospital,AIDS,,
Health and Hospital,cough,chifuwa,
Health and Hospital,fever,,
Health and Hospital,flu,chimfine,
Health and Hospital,injury,kuvulala,
Health and Hospital,wound,chilonda,
Health and Hospital,bleeding,kutuluka magazi,
Health and Hospital,tablet,piritsi,
Health and Hospital,injection,,
Health and Hospital,vaccine,katemera,
HOUSEHOLD ITEMS,,,
Household Items,cup,chikho,
Household Items,plate,mbale,
Household Items,spoon,supuni,
Household Items,fork,foloko,
Household Items,knife,mpeni,
Household Items,pot,mphika,
Household Items,pan,,
Household Items,bowl,mbale,
Household Items,jug,,
Household Items,bucket,ndowa,
Household Items,broom,chipyango,
Household Items,blanket,bulangeti,
Household Items,pillow,pilo,
Household Items,lamp,nyale,
Household Items,candle,kandulo,
Household Items,match,,
Household Items,soap,sopo,
Household Items,towel,chopukutira,
Household Items,toothbrush,mswachi,
Household Items,toothpaste,mankhwala otsukira meno,
Household Items,comb,chisakulo,
Household Items,stool,chopondapo,
Household Items,window,,
Household Items,floor,pansi,
Household Items,wall,chibumba,
Household Items,roof,denga,
LOCAL DRINKS,,,
Local Drinks,shake-shake,chibuku,
Local Drinks,soda,,
LOCAL FOODS,,,
Local Foods,kapenta,kapenta,
Local Foods,goat meat,mbuzi,
Local Foods,beef,nyama,
Local Foods,chikanda,chikanda,
Local Foods,okrah,delele,
Local Foods,rape,,
Local Foods,groundnuts,twilo,
Local Foods,cassava leaves,katapa,
Local Foods,sweet potato leaves,kalembula,
Local Foods,ifisashi,ifisashi,
Local Foods,chibwabwa,chibwabwa,
Local Foods,masuku,masuku,
Local Foods,tamarind,kawawasha,
MARKET AND TRADE,,,
Market and Trade,stall,khola,
Market and Trade,trader,wamalonda,
Market and Trade,customer,kasitomala,
Market and Trade,buyer,wogula,
Market and Trade,seller,wogulitsa,
Market and Trade,coin,ndalama,
Market and Trade,note,zindikirani,
Market and Trade,change,,
Market and Trade,basket,dengu,
Market and Trade,scale,sikelo,
Market and Trade,weight,kulemera,
Market and Trade,discount,kuchosako,
Market and Trade,profit,phindu,
Market and Trade,loss,,
MATERIALS,,,
Materials,metal,zitsulo,
Materials,iron,chitsulo,
Materials,steel,zitsulo,
Materials,copper,mkuwa,
Materials,wood,nkhuni,
Materials,stone,mwala,
Materials,sand,muchenga,
Materials,clay,dongo,
Materials,glass,galasi,
Materials,plastic,pulasitiki,
Materials,paper,pepala,
Materials,cloth,nsalu,
Materials,leather,chikopa,
Materials,rope,chingwe,
Materials,brick,,
MODERN SLANG / EXPRESSIONS,,,
Modern Slang / Expressions,okay,chabwino,
Modern Slang / Expressions,cool,zabwino,
Modern Slang / Expressions,boss,bwana,
Modern Slang / Expressions,sharp,,
Modern Slang / Expressions,cheers,,
Modern Slang / Expressions,thanks,zikomo,
Modern Slang / Expressions,hi,moni,
Modern Slang / Expressions,bye,pa,
MODERN TECHNOLOGY,,,
Modern Technology,laptop,,
Modern Technology,smartphone,lamiya,
Modern Technology,wifi,,
Modern Technology,data,deta,
Modern Technology,email,,
Modern Technology,website,,
Modern Technology,app,,
Modern Technology,software,,
Modern Technology,hardware,,
Modern Technology,USB,,
Modern Technology,memory card,,
MUSIC AND DANCE,,,
Music and Dance,guitar,gitala,
Music and Dance,piano,,
Music and Dance,flute,,
Music and Dance,trumpet,,
Music and Dance,microphone,,
Music and Dance,speaker,,
Music and Dance,music,,
Music and Dance,beat,,
Music and Dance,melody,,
Music and Dance,concert,,
Music and Dance,band,,
Music and Dance,stage,,
NATURE AND ENVIRONMENT,,,
Nature and Environment,river,mumana,
Nature and Environment,lake,,
Nature and Environment,mountain, maphiri,
Nature and Environment,hill,phiri,
Nature and Environment,valley,chigwa,
Nature and Environment,forest,nkhalango,
Nature and Environment,bush,chitsamba,
Nature and Environment,grass,udzu,
Nature and Environment,leaf,,
Nature and Environment,root,mizu,
Nature and Environment,flower,duwa,
Nature and Environment,fruit,zipatso,
Nature and Environment,seed,mbewu,
Nature and Environment,field,munda,
Nature and Environment,farm,munda,
Nature and Environment,garden,munda,
Nature and Environment,rainbow,,
Nature and Environment,storm,,
Nature and Environment,wind,mphepo,
Nature and Environment,cloud,mtambo,
Nature and Environment,lightning,mphezi,
Nature and Environment,thunder,bingu,
Nature and Environment,sunrise,kuseni,
Nature and Environment,sunset,kumazulo,
NUMBERS,,,
Numbers,one,modzi,
Numbers,two,wiri,
Numbers,three,tatu,
Numbers,four,nayi,
Numbers,five,sanu,
Numbers,six,sanu n'chimodzi,
Numbers,seven,sanu n'ziwiri,
Numbers,eight,sanu n'zitatu,
Numbers,nine,sanu n'zinayi,
Numbers,ten,khumi,
Numbers,hundred,chikwi chimodzi,
Numbers,thousand,zikwi,
Numbers,first,choyamba,
Numbers,second,chachiwiri,
Numbers,third,chachitatu,
PLANTS AND TREES,,,
Plants and Trees,groundnut,nshaba,
Plants and Trees,bean,nyemba,
Plants and Trees,pea,mwina,
Plants and Trees,okra,delele,
Plants and Trees,orange tree,mutengowa malalanje,
Plants and Trees,avocado,kotapila,
Plants and Trees,lemon tree,mutengo wa mandimu,
Plants and Trees,grapevine,mpesa,
Plants and Trees,cotton,thonje,
Plants and Trees,tobacco,fodya,
Plants and Trees,sugarcane,nzimbe,
PROFESSIONS,,,
Professions,teacher,mphunzitsi,
Professions,doctor,dokotala,
Professions,nurse,,
Professions,farmer,mlimi,
Professions,driver,,
Professions,police,,
Professions,soldier,msilikali,
Professions,carpenter,,
Professions,builder,,
Professions,student,wophunzira,
Professions,shopkeeper,wogulitsa sitolo,
Professions,pastor,m'busa,
Professions,fisherman,,
Professions,hunter,,
Professions,miner,wamgodi,
RELIGION,,,
Religion,God,mulungu,
Religion,Jesus,yesu,
Religion,Bible,baibulo,
Religion,prayer,mphepelo,
Religion,choir,kwaya,
Religion,mosque,,
Religion,Quran,,
SCHOOL AND LEARNING,,,
School and Learning,classroom,mkalasi,
School and Learning,pupil,wophunzira,
School and Learning,chalk,choko,
School and Learning,blackboard,,
School and Learning,desk,desiki,
School and Learning,exercise book,,
School and Learning,pencil,pensulo,
School and Learning,eraser,chofufutira,
School and Learning,sharpener,,
School and Learning,ruler,,
School and Learning,bag,thumba,
School and Learning,notebook,kope,
School and Learning,exam, mayeso,
School and Learning,lesson,phunziro,
SPORTS AND GAMES,,,
Sports and Games,football,mpira,
Sports and Games,soccer,mpira,
Sports and Games,netball,,
Sports and Games,basketball,dengu,
Sports and Games,volleyball,volebo,
Sports and Games,tennis,,
Sports and Games,rugby,,
Sports and Games,golf,,
Sports and Games,cricket,,
Sports and Games,boxing,nkhonya,
Sports and Games,athletics,masewera othamanga,
Sports and Games,running,kuthamanga,
Sports and Games,swimming,kusambira,
Sports and Games,cycling,kupalasa njinga,
Sports and Games,wrestling,kulimbana,
Sports and Games,board game,masewera a board,
Sports and Games,cards,masewera a makadi,
Sports and Games,dice,,
Sports and Games,chess,chesi,
Sports and Games,drafts,zojambula,
TECHNOLOGY,,,
Technology,computer,kompyuta,
Technology,radio,wailesi,
Technology,television,kanima,
Technology,camera,kamera,
Technology,battery,batire,
Technology,electricity,magetsi,
Technology,light,kuwala,
Technology,internet,,
Technology,printer,,
Technology,keyboard,makina,
Technology,screen,chophimba,
Technology,mouse,,
Technology,charger,,
TIME,,,
Time,morning,m'mawa,
Time,afternoon,madzulo,
Time,evening,madzulo,
Time,night,usiku,
Time,day,tsiku,
Time,week,sabata,
Time,month,mwezi,
Time,year,chaka,
Time,hour,ola,
Time,minute,,
TOOLS,,,
Tools,axe,nkhwangwa,
Tools,hoe,,
Tools,hammer,nyundo,
Tools,saw,,
Tools,nail,msomali,
Tools,screw,manga,
Tools,needle,singano,
Tools,thread,ulusi,
Tools,shovel,fosholo,
Tools,spade,zokumbira,
Tools,panga,``````````````````````````````````````````````````````````````````````````````````````````````````````````````````````````````````````````````````````````````````````````````````````````````````````````````````````````````````,
Tools,machete,,
Tools,ladder,makwerero,
Tools,chisel,,
Tools,wire,,
Tools,chain,unyolo,
TRADITIONAL AND CULTURE,,,
Traditional and Culture,ceremony,,
Traditional and Culture,dance,,
Traditional and Culture,drum,,
Traditional and Culture,song,,
Traditional and Culture,story,,
Traditional and Culture,respect,ulemu,
Traditional and Culture,bride price,nsalamu,
Traditional and Culture,lobola,nsalamu,
Traditional and Culture,initiation,,
Traditional and Culture,spirit,mzimu,
Traditional and Culture,witch,ifweti,
Traditional and Culture,healer,,
Traditional and Culture,herbalist,,
TRANSPORT,,,
Transport,truck,galimoto,
Transport,bicycle,njinga,
Transport,motorcycle,njinga yamoto,
Transport,train,sitima,
Transport,boat,,
Transport,canoe,bwato,
Transport,ship,,
Transport,aeroplane,ndeke,
Transport,bridge,,
Transport,station,,
Transport,harbour,,
Transport,airport,,
TRANSPORT (ZAMBIA),,,
Transport (Zambia),minibus,,
Transport (Zambia),bus stop,poyimitsa bus,
Transport (Zambia),taxi,,
Transport (Zambia),lorry,lori,
Transport (Zambia),bicycle taxi,njinga,
Transport (Zambia),ferry,,
Transport (Zambia),footpath,nijra ya phazi,
Transport (Zambia),roadblock,,
TRANSPORT EXTENDED,,,
Transport Extended,coach,mphunzitsi,
Transport Extended,motorbike,njinga yamoto,
Transport Extended,plane,,
Transport Extended,terminal,pokwerera,
Transport Extended,fuel,mafuta,
Transport Extended,petrol,,
Transport Extended,diesel,,
TRANSPORT PARTS,,,
Transport Parts,wheel,,
Transport Parts,tyre,,
Transport Parts,engine,,
Transport Parts,brake,,
Transport Parts,clutch,gwira,
Transport Parts,gear,zida,
Transport Parts,seat,mpando,
Transport Parts,steering,,
Transport Parts,horn,,
Transport Parts,indicator,chizindikiro,
Transport Parts,helmet,chisoti,
Transport Parts,bicycle chain,,
Transport Parts,pedal,,
TRANSPORT AND TRAVEL,,,
Transport and Travel,ticket,,
Transport and Travel,passport,,
Transport and Travel,visa,,
Transport and Travel,border,,
Transport and Travel,departure,,
Transport and Travel,arrival,,
Transport and Travel,journey,,
Transport and Travel,trip,,
Transport and Travel,holiday,,
Transport and Travel,luggage,katundu,
Transport and Travel,suitcase,chola,
Transport and Travel,seatbelt,,
Transport and Travel,highway,,
Transport and Travel,roundabout,kuzungulira,
Transport and Travel,traffic light,,
Transport and Travel,sign,chizindikiro,
USEFUL ADJECTIVES,,,
Useful Adjectives,big,chikulu,
Useful Adjectives,small,kang'ono,
Useful Adjectives,good,chabwino,
Useful Adjectives,bad,zoipa,
Useful Adjectives,hot,kupiya,
Useful Adjectives,cold,kuzizila,
Useful Adjectives,new,chatsopano,
Useful Adjectives,old,chakudala,
Useful Adjectives,young,mufana,
Useful Adjectives,fast,kuyendesa,
Useful Adjectives,slow,paang'onopang'ono,
Useful Adjectives,strong,wamphamvu,
Useful Adjectives,weak,ofooka,
Useful Adjectives,clean,woyera,
Useful Adjectives,dirty,zakuda,
Useful Adjectives,happy,wokondwa,
Useful Adjectives,sad,wokwiya,
VEGETABLES EXTENDED,,,
Vegetables Extended,lettuce,,
Vegetables Extended,broccoli,,
Vegetables Extended,cauliflower,,
Vegetables Extended,garlic,,
Vegetables Extended,ginger,,
Vegetables Extended,chili,,
Vegetables Extended,eggplant,,
Vegetables Extended,zucchini,,
Vegetables Extended,radish,,
VERBS (EXTENDED ACTIONS),,,
Verbs (Extended Actions),jump,kulumpha,
Verbs (Extended Actions),climb,kukwera,
Verbs (Extended Actions),crawl,,
Verbs (Extended Actions),cook,kupika,
Verbs (Extended Actions),wash,kusamba,
Verbs (Extended Actions),sweep,kupyanga,
Verbs (Extended Actions),dig,kukomba,
Verbs (Extended Actions),push,,
Verbs (Extended Actions),pull,kudonsa,
Verbs (Extended Actions),lift,kwezani,
Verbs (Extended Actions),throw,ponya,
Verbs (Extended Actions),catch,gwira,
Verbs (Extended Actions),speak,kamba,
Verbs (Extended Actions),talk,kulankhula,
Verbs (Extended Actions),shout,fuula,
Verbs (Extended Actions),sing,kuyemba,
Verbs (Extended Actions),laugh,kuseka,
Verbs (Extended Actions),cry,kulira,
Verbs (Extended Actions),smile,kusekilira,
Verbs (Extended Actions),rest,kupumura,
Verbs (Extended Actions),call,kuyetana,
WEATHER AND SEASONS,,,
Weather and Seasons,sunshine,dzuwa,
Weather and Seasons,fog,chifunga,
Weather and Seasons,mist,nkhungu,
Weather and Seasons,hail,,
Weather and Seasons,flood,chingumula,
Weather and Seasons,drought,chipululu,
Weather and Seasons,dry season,cisanu,
Weather and Seasons,rainy season,cirimwe,
Weather and Seasons,summer,chirimwe,
Weather and Seasons,winter,dzinja,
Weather and Seasons,spring,masika,
Weather and Seasons,autumn,mphukira,
Weather and Seasons,heat,kupiya,
ZAMBIAN BIRDS,,,
Zambian Birds,fish eagle,,
Zambian Birds,guinea fowl,mbalame,
Zambian Birds,quail,zinziri,
ZAMBIAN EVERYDAY LIFE,,,
Zambian Everyday Life,compound,,
Zambian Everyday Life,well,chimugondi,
Zambian Everyday Life,borehole,pachisime,
Zambian Everyday Life,dam,,
Zambian Everyday Life,festival,,
ZAMBIAN WILDLIFE,,,
Zambian Wildlife,impala,,
Zambian Wildlife,kudu,,
Zambian Wildlife,eland,,
Zambian Wildlife,puku,,
Zambian Wildlife,wildebeest,chilombo,
Zambian Wildlife,warthog,,
Zambian Wildlife,baboon,nyani,
Zambian Wildlife,civet,,
Zambian Wildlife,porcupine,nungu,
Zambian Wildlife,monitor lizard,,
Zambian Wildlife,python,nsato,
